Type,Content
Heading,Quotes to Scrape
Heading,Top Ten tags
Heading,Quotes to Scrape
Heading,Login
Heading,(about)
Heading,change
Heading,deep-thoughts
Heading,thinking
Heading,world
Heading,(about)
Heading,abilities
Heading,choices
Heading,(about)
Heading,inspirational
Heading,life
Heading,live
Heading,miracle
Heading,miracles
Heading,(about)
Heading,aliteracy
Heading,books
Heading,classic
Heading,humor
Heading,(about)
Heading,be-yourself
Heading,inspirational
Heading,(about)
Heading,adulthood
Heading,success
Heading,value
Heading,(about)
Heading,life
Heading,love
Heading,(about)
Heading,edison
Heading,failure
Heading,inspirational
Heading,paraphrased
Heading,(about)
Heading,misattributed-eleanor-roosevelt
Heading,(about)
Heading,humor
Heading,obvious
Heading,simile
Heading,Next→
Heading,love
Heading,inspirational
Heading,life
Heading,humor
Heading,books
Heading,reading
Heading,friendship
Heading,friends
Heading,truth
Heading,simile
Heading,GoodReads.com
Heading,Zyte
Heading,Login
Heading,Quotes by:GoodReads.com
Heading,Made with❤byZyte
